model,accuracy,f1_score
Logistic Regression,0.8041666666666667,0.745945945945946
Random Forest,0.8,0.7241379310344828
XGBoost,0.7708333333333334,0.7027027027027027
Decision Tree,0.6875,0.6305418719211823
